Form,Org,Total Fields,Composed Fields,Coverage %,Pages,Uncomposed Dates,Generic Names,Raw XFA Names,Case Duplicates,Undescribed Booleans,High-Severity Issues,Total Issues,Needs Rework
21P-8416(Spanish),vba,507,227,45,10,0,2,110,0,1,112,113,YES
21-509,vba,132,73,55,4,0,1,53,0,0,54,54,YES
21P-0519C-1(Spanish),vba,153,112,73,3,0,1,41,0,0,42,42,YES
21P-527EZ,vba,519,447,86,17,37,2,0,0,3,39,42,YES
21-8940,vba,176,127,72,4,36,2,0,0,1,38,39,YES
22-10275,vba,61,10,16,3,0,1,38,0,0,39,39,YES
21P-8416,vba,517,452,87,10,23,1,12,0,1,36,37,YES
10-0460,vha,76,46,61,3,0,1,30,0,1,31,32,YES
21-0538,vba,117,117,100,2,15,3,0,1,9,19,28,YES
26-8736b,vba,47,30,64,2,0,0,14,0,14,14,28,YES
26-8736a,vba,37,13,35,1,0,1,24,0,0,25,25,YES
22-10282,vba,34,27,79,2,0,10,4,0,9,14,23,YES
21P-0512s-1,vba,60,42,70,2,0,1,18,0,0,19,19,YES
21-526EZ,vba,345,277,80,15,14,2,0,0,2,16,18,YES
22-0976,vba,82,22,27,4,0,1,17,0,0,18,18,YES
21P-0969,vba,428,250,58,11,16,1,0,0,0,17,17,YES
26-6393,vba,104,59,57,1,0,9,0,0,8,9,17,YES
26-8149,vba,106,65,61,4,0,1,0,0,16,1,17,YES
VA2793,admin,73,41,56,2,0,0,0,0,16,0,16,
21-674,vba,107,104,97,3,14,1,1,0,0,16,16,YES
10-10068b,vha,53,48,91,2,0,1,0,0,14,1,15,YES
VA1011,vha,58,36,62,1,0,0,0,0,15,0,15,
22-10272,vba,21,7,33,3,0,1,14,0,0,15,15,YES
21P-0512V-1,vba,85,62,73,2,0,1,13,0,0,14,14,YES
22-10219,vba,25,10,40,3,0,1,13,0,0,14,14,YES
22-1995,vba,66,47,71,4,0,1,0,0,13,1,14,YES
10-5506,vha,22,2,9,1,0,0,13,0,0,13,13,YES
21P-0517-1(Spanish),vba,140,117,84,3,0,1,12,0,0,13,13,YES
10-7132,vha,49,7,14,1,0,1,10,0,1,11,12,YES
21-2680,vba,118,93,79,4,9,2,0,0,1,11,12,YES
21P-8924,vba,61,54,89,3,11,1,0,0,0,12,12,YES
VA4939,admin,38,34,89,2,0,1,0,0,10,1,11,YES
21P-0969(Spanish),vba,421,259,62,11,11,0,0,0,0,11,11,YES
21-0779,vba,51,48,94,2,9,1,0,0,0,10,10,YES
21P-530EZ,vba,93,73,78,8,6,1,3,0,0,10,10,YES
10-2501,vha,9,0,0,1,0,0,9,0,0,9,9,YES
20-0995,vba,144,124,86,7,8,1,0,0,0,9,9,YES
21P-0512s-1(Spanish),vba,63,38,60,2,0,1,8,0,0,9,9,YES
26-0971,vba,68,39,57,2,0,0,9,0,0,9,9,YES
26-1849,vba,233,13,6,4,0,0,9,0,0,9,9,YES
26-6807,vba,124,89,72,4,0,5,0,0,4,5,9,YES
28-1905m,vba,197,114,58,3,6,1,0,0,2,7,9,YES
VA0730i,admin,49,34,69,1,0,0,0,0,8,0,8,
10-0491I,vha,89,45,51,1,0,1,7,0,0,8,8,YES
20-0996,vba,119,106,89,5,6,1,0,0,1,7,8,YES
21-0781,vba,124,63,51,7,7,1,0,0,0,8,8,YES
21-4193,vba,47,33,70,3,7,1,0,0,0,8,8,YES
VA0744,admin,56,24,43,2,0,1,0,0,6,1,7,YES
21-4170,vba,171,95,56,5,6,1,0,0,0,7,7,YES
10-0396,vha,100,3,3,1,0,0,6,0,0,6,6,YES
20-10208,vba,76,73,96,2,3,2,0,0,1,5,6,YES
21-0966,vba,61,57,93,2,3,2,0,0,1,5,6,YES
21-8951-2,vba,45,42,93,3,3,2,0,0,1,5,6,YES
21P-601,vba,107,95,89,5,0,1,1,0,4,2,6,YES
22-0839,vba,98,27,28,6,0,0,6,0,0,6,6,YES
28-0968,vba,89,49,55,4,3,2,0,0,1,5,6,YES
SF52(ES),other,104,50,48,2,0,1,0,0,4,1,5,YES
10-0426,vha,49,16,33,2,0,1,4,0,0,5,5,YES
10-2804a,vha,65,9,14,1,0,1,3,0,1,4,5,YES
10-3213B,vha,129,10,8,2,0,0,5,0,0,5,5,YES
10-4236a,vha,22,21,95,1,0,0,0,0,5,0,5,
10-4794,vha,22,12,55,1,0,1,4,0,0,5,5,YES
21-0845,vba,77,55,71,3,0,2,0,0,3,2,5,YES
21-0972,vba,61,59,97,3,3,1,0,0,1,4,5,YES
21-22a,vba,90,84,93,3,3,1,0,0,1,4,5,YES
21-4142,vba,140,100,71,5,3,1,0,0,1,4,5,YES
21P-0537,vba,37,26,70,3,0,1,4,0,0,5,5,YES
22-10278,vba,86,63,73,5,3,1,0,0,1,4,5,YES
26-10280,vba,17,13,76,2,0,1,4,0,0,5,5,YES
26-10280a,vba,14,10,71,2,0,1,4,0,0,5,5,YES
28-1900,vba,41,37,90,3,3,1,0,0,1,4,5,YES
VA0381,admin,31,17,55,1,0,2,0,0,2,2,4,YES
10-0491D,vha,59,29,49,1,0,1,3,0,0,4,4,YES
20-10206,vba,96,62,65,4,0,1,2,0,1,3,4,YES
21-4502,vba,90,79,88,4,0,2,1,0,1,3,4,YES
21P-4165,vba,106,55,52,3,0,1,3,0,0,4,4,YES
22-1990e,vba,63,42,67,4,3,1,0,0,0,4,4,YES
22-1990n,vba,75,39,52,4,0,1,0,1,2,2,4,YES
26-1852,vba,644,36,6,6,0,1,0,3,0,4,4,YES
26-8827,vba,18,15,83,1,0,2,1,0,1,3,4,YES
28-10281,vba,43,42,98,3,0,2,1,0,1,3,4,YES
28-1902w,vba,128,59,46,8,0,2,1,0,1,3,4,YES
29-336,vba,181,181,100,6,3,1,0,0,0,4,4,YES
29-336a,vba,169,169,100,5,3,1,0,0,0,4,4,YES
10-0451,vha,14,7,50,1,0,0,0,0,3,0,3,
10-0491J,vha,22,19,86,1,0,1,2,0,0,3,3,YES
10-2920,vha,40,18,45,1,0,1,0,0,2,1,3,YES
21-4138,vba,33,31,94,2,3,0,0,0,0,3,3,YES
21P-0847,vba,35,34,97,2,3,0,0,0,0,3,3,YES
21P-1775,vba,200,116,58,6,0,2,0,0,1,2,3,YES
21P-8416b,vba,168,84,50,2,3,0,0,0,0,3,3,YES
22-10201,vba,36,32,89,2,0,2,0,0,1,2,3,YES
22-10270,vba,23,15,65,5,0,1,2,0,0,3,3,YES
22-1990,vba,153,66,43,7,0,1,0,0,2,1,3,YES
22-6553b-1,vba,23,14,61,2,0,0,0,0,3,0,3,
26-8261a,vba,29,21,72,2,0,2,0,0,1,2,3,YES
26-8731c,vba,19,6,32,1,0,0,3,0,0,3,3,YES
27-8832,vba,77,54,70,3,0,2,0,0,1,2,3,YES
28-10286,vba,37,27,73,3,0,2,0,0,1,2,3,YES
28-1905c,vba,208,61,29,4,0,2,0,0,1,2,3,YES
28-1905h,vba,57,56,98,2,0,2,0,0,1,2,3,YES
10-0459,vha,5,3,60,1,0,0,2,0,0,2,2,YES
10-0491A,vha,18,6,33,1,0,0,2,0,0,2,2,YES
10-0491E,vha,21,7,33,1,0,1,1,0,0,2,2,YES
10-0491H,vha,16,15,94,1,0,1,1,0,0,2,2,YES
10-0491K,vha,20,13,65,1,0,1,1,0,0,2,2,YES
10-10HS,vha,27,24,89,2,0,1,0,0,1,1,2,YES
10-1274A,vha,29,9,31,1,0,0,2,0,0,2,2,YES
10-2068a,vha,16,6,38,1,0,0,2,0,0,2,2,YES
10-7008,vha,15,11,73,1,0,0,1,0,1,1,2,YES
10-7959C,vha,51,37,73,2,0,1,0,0,1,1,2,YES
VA10091,vha,30,19,63,3,0,1,0,0,1,1,2,YES
VA10182,vha,27,21,78,3,0,1,0,0,1,1,2,YES
FL40-40,facilities,24,19,79,2,0,1,0,0,1,1,2,YES
20-10207,vba,116,88,76,5,0,1,0,0,1,1,2,YES
21-10210,vba,76,59,78,3,0,1,0,0,1,1,2,YES
21-8960,vba,42,34,81,2,1,1,0,0,0,2,2,YES
21P-4706b,vba,103,20,19,2,0,0,0,0,2,0,2,
21P-4706c,vba,363,176,48,4,0,1,0,0,1,1,2,YES
21P-530a,vba,53,47,89,2,2,0,0,0,0,2,2,YES
22-10215,vba,121,10,8,5,0,1,0,0,1,1,2,YES
26-8644,vba,20,10,50,1,0,1,0,0,1,1,2,YES
26-8731a,vba,19,6,32,1,0,0,2,0,0,2,2,YES
28-10289,vba,126,118,94,4,0,1,1,0,0,2,2,YES
29-0975,vba,37,23,62,2,0,1,0,0,1,1,2,YES
0857r,other,26,11,42,2,0,1,0,0,0,1,1,YES
VA0730b,admin,35,29,83,1,0,1,0,0,0,1,1,YES
VA0730h,admin,43,33,77,1,0,0,0,0,1,0,1,
VA0918a,admin,34,32,94,1,0,1,0,0,0,1,1,YES
VA0918d,admin,13,11,85,2,0,1,0,0,0,1,1,YES
VA0918e,admin,31,21,68,2,0,1,0,0,0,1,1,YES
VA1100,admin,17,11,65,1,0,0,0,0,1,0,1,
VA1107,admin,20,12,60,1,0,0,0,0,1,0,1,
VA2064,admin,13,13,100,1,0,0,0,0,1,0,1,
VA21,admin,38,32,84,1,0,1,0,0,0,1,1,YES
VA21(ES),admin,38,32,84,1,0,1,0,0,0,1,1,YES
VA2345,admin,31,2,6,1,0,1,0,0,0,1,1,YES
VA2346a,admin,12,12,100,1,0,0,0,0,1,0,1,
VA2346b,admin,22,22,100,1,0,0,0,0,1,0,1,
VA7468,admin,40,17,43,1,0,1,0,0,0,1,1,YES
VA8824i,admin,78,51,65,1,0,0,0,0,1,0,1,
VA9,admin,22,18,82,5,0,1,0,0,0,1,1,YES
10-0003K-2,vha,14,6,43,2,0,1,0,0,0,1,1,YES
10-0056A,vha,96,44,46,1,0,0,0,0,1,0,1,
10-0103,vha,12,10,83,1,0,1,0,0,0,1,1,YES
10-0383,vha,57,24,42,2,0,1,0,0,0,1,1,YES
10-0388-12,vha,8,5,63,2,0,0,1,0,0,1,1,YES
10-0388-8,vha,6,3,50,1,0,0,1,0,0,1,1,YES
10-0394,vha,35,34,97,1,0,0,0,0,1,0,1,
10-0394A,vha,24,2,8,1,0,1,0,0,0,1,1,YES
10-0464a,vha,29,23,79,1,0,1,0,0,0,1,1,YES
10-0491C,vha,36,24,67,1,0,1,0,0,0,1,1,YES
10-10068a,vha,40,35,88,2,0,0,0,0,1,0,1,
10-1313-5,vha,8,2,25,1,0,0,1,0,0,1,1,YES
10-1371,vha,56,35,63,1,0,0,0,0,1,0,1,
10-1394,vha,41,30,73,2,0,1,0,0,0,1,1,YES
10-2479C,vha,17,8,47,1,0,1,0,0,0,1,1,YES
10-2614d-2a,vha,65,12,18,1,0,0,1,0,0,1,1,YES
10-2804b,vha,25,7,28,1,0,0,1,0,0,1,1,YES
10-2804c,vha,49,5,10,1,0,0,1,0,0,1,1,YES
10-2815,vha,23,15,65,1,0,0,0,0,1,0,1,
10-2914,vha,96,13,14,1,0,0,0,1,0,1,1,YES
10-307,vha,24,17,71,3,0,1,0,0,0,1,1,YES
10-313,vha,38,19,50,2,0,1,0,0,0,1,1,YES
10-323,vha,23,6,26,2,0,1,0,0,0,1,1,YES
10-329,vha,21,14,67,1,0,1,0,0,0,1,1,YES
10-330,vha,62,26,42,3,0,1,0,0,0,1,1,YES
10-334,vha,14,14,100,1,0,1,0,0,0,1,1,YES
10-3542,vha,26,21,81,2,0,1,0,0,0,1,1,YES
10-376,vha,18,10,56,1,0,1,0,0,0,1,1,YES
10-379,vha,24,17,71,2,0,1,0,0,0,1,1,YES
10-5345,vha,63,49,78,2,0,0,0,0,1,0,1,
10-7959A,vha,42,41,98,2,0,1,0,0,0,1,1,YES
10-7959e,vha,58,51,88,2,0,1,0,0,0,1,1,YES
10-7959f-2,vha,15,14,93,2,0,1,0,0,0,1,1,YES
10-7976d,vha,33,20,61,1,0,1,0,0,0,1,1,YES
10-9050,vha,18,15,83,1,0,1,0,0,0,1,1,YES
VA 10079,vha,49,33,67,2,0,1,0,0,0,1,1,YES
VA-40-10232,nca,49,27,55,2,0,1,0,0,0,1,1,YES
VA40-0247,nca,22,20,91,1,0,1,0,0,0,1,1,YES
VA40-10088,nca,44,36,82,2,0,1,0,0,0,1,1,YES
VA40-1330UP,nca,29,28,97,2,0,1,0,0,0,1,1,YES
20-572,vba,37,20,54,1,0,0,1,0,0,1,1,YES
21-0304,vba,90,84,93,4,0,1,0,0,0,1,1,YES
21-0788,vba,55,33,60,2,0,1,0,0,0,1,1,YES
21-4140,vba,59,47,80,2,0,1,0,0,0,1,1,YES
21-4192,vba,61,57,93,2,0,1,0,0,0,1,1,YES
21-674b,vba,54,23,43,2,0,1,0,0,0,1,1,YES
21P-0513-1(Spanish),vba,141,99,70,2,0,1,0,0,0,1,1,YES
21P-0513-1,vba,147,105,71,2,0,1,0,0,0,1,1,YES
21P-0514-1(Spanish),vba,85,56,66,2,0,1,0,0,0,1,1,YES
21P-0514-1,vba,82,58,71,2,0,1,0,0,0,1,1,YES
21P-0516-1 (Spanish),vba,96,81,84,2,0,1,0,0,0,1,1,YES
21P-0516-1,vba,96,81,84,2,0,1,0,0,0,1,1,YES
21P-0517-1,vba,160,133,83,2,0,1,0,0,0,1,1,YES
21P-0518-1(Spanish),vba,62,44,71,2,0,1,0,0,0,1,1,YES
21P-0518-1,vba,62,45,73,2,0,1,0,0,0,1,1,YES
21P-0519S-1(Spanish),vba,152,104,68,3,0,1,0,0,0,1,1,YES
21P-0519c-1,vba,147,117,80,2,0,1,0,0,0,1,1,YES
21P-0519s-1,vba,152,104,68,2,0,1,0,0,0,1,1,YES
21P-4171,vba,108,88,81,2,0,1,0,0,0,1,1,YES
21P-524,vba,190,142,75,6,0,1,0,0,0,1,1,YES
21P-534a,vba,64,54,84,2,0,0,0,0,1,0,1,
21P-8049,vba,152,122,80,4,0,1,0,0,0,1,1,YES
21P-8941,vba,29,24,83,2,0,1,0,0,0,1,1,YES
21P-0516-1,vba,24,24,100,2,0,1,0,0,0,1,1,YES
22-0810,vba,17,12,71,2,0,1,0,0,0,1,1,YES
22-0989,vba,23,21,91,2,0,1,0,0,0,1,1,YES
22-1990t,vba,74,50,68,3,0,1,0,0,0,1,1,YES
22-1999b,vba,62,19,31,2,0,1,0,0,0,1,1,YES
22-5490,vba,79,68,86,7,0,1,0,0,0,1,1,YES
22-6553d-1,vba,29,18,62,2,0,1,0,0,0,1,1,YES
22-8794,vba,68,45,66,3,0,1,0,0,0,1,1,YES
22-8979,vba,33,28,85,2,0,1,0,0,0,1,1,YES
26-1805,vba,67,44,66,2,0,1,0,0,0,1,1,YES
26-1817,vba,32,28,88,2,0,1,0,0,0,1,1,YES
26-1820,vba,111,41,37,3,0,1,0,0,0,1,1,YES
26-1839,vba,43,13,30,2,0,1,0,0,0,1,1,YES
26-1880,vba,61,55,90,4,0,1,0,0,0,1,1,YES
26-4555,vba,20,12,60,1,0,1,0,0,0,1,1,YES
26-4555c,vba,44,24,55,1,0,1,0,0,0,1,1,YES
26-6381,vba,30,12,40,1,0,0,1,0,0,1,1,YES
26-6382,vba,42,30,71,2,0,1,0,0,0,1,1,YES
26-6681,vba,131,106,81,2,0,1,0,0,0,1,1,YES
26-8937,vba,27,16,59,1,0,1,0,0,0,1,1,YES
27-2008,vba,26,19,73,3,0,1,0,0,0,1,1,YES
28-1903,vba,64,44,69,4,1,0,0,0,0,1,1,YES
29-0152,vba,33,14,42,1,0,0,0,0,1,0,1,
29-0165,vba,14,11,79,1,0,0,0,0,1,0,1,
29-0309,vba,16,11,69,1,0,0,0,0,1,0,1,
29-0563,vba,13,11,85,1,0,1,0,0,0,1,1,YES
29-1546,vba,31,23,74,2,0,1,0,0,0,1,1,YES
29-1549,vba,41,39,95,2,0,1,0,0,0,1,1,YES
29-352,vba,45,38,84,2,0,1,0,0,0,1,1,YES
29-4125,vba,48,38,79,3,0,0,0,0,1,0,1,
29-4125a,vba,27,19,70,2,0,0,0,0,1,0,1,
29-541,vba,179,77,43,5,0,1,0,0,0,1,1,YES
29-8485,vba,9,9,100,1,0,1,0,0,0,1,1,YES
29-8485a,vba,9,9,100,1,0,1,0,0,0,1,1,YES
4676a,other,11,6,55,3,0,0,0,0,0,0,0,
7031D,other,9,4,44,1,0,0,0,0,0,0,0,
SF-1442,other,82,82,100,4,0,0,0,0,0,0,0,
SF-26,other,93,47,51,1,0,0,0,0,0,0,0,
SF52(ES),other,104,104,100,5,0,0,0,0,0,0,0,
SF 1442,other,82,49,60,2,0,0,0,0,0,0,0,
Personal Data Card,admin,17,17,100,1,0,0,0,0,0,0,0,
VA0710,admin,6,4,67,1,0,0,0,0,0,0,0,
Position Risk and Sensitivity Level Designation,admin,16,16,100,2,0,0,0,0,0,0,0,
Employee Suggestion Program Submission,admin,9,9,100,1,0,0,0,0,0,0,0,
VA0918g,admin,4,0,0,1,0,0,0,0,0,0,0,
VA21(ES),admin,38,38,100,2,0,0,0,0,0,0,0,
VA3288,admin,11,4,36,2,0,0,0,0,0,0,0,
VA4564,admin,151,23,15,1,0,0,0,0,0,0,0,
Equal Opportunity Complaint Activity Report,admin,16,16,100,2,0,0,0,0,0,0,0,
Equal Opportunity Complaint Activity - Individual Report,admin,9,9,100,2,0,0,0,0,0,0,0,
Equal Opportunity Complaint Activity - Status Summary,admin,9,9,100,2,0,0,0,0,0,0,0,
10-0053,vha,117,7,6,2,0,0,0,0,0,0,0,
10-0102,vha,47,23,49,2,0,0,0,0,0,0,0,
Inspection of Care in the Community - Specialized Adult Day Health Care,vha,23,23,100,2,0,0,0,0,0,0,0,
Inspection of Care in the Community - Geriatric Specialty Adult Day Health Care,vha,23,23,100,2,0,0,0,0,0,0,0,
Inspection of Care in the Community - Adult Day Health Care,vha,23,23,100,2,0,0,0,0,0,0,0,
Inspection of Care in the Community - Home Health Aide,vha,23,23,100,2,0,0,0,0,0,0,0,
Inspection of Care in the Community - Home Respite Care,vha,23,23,100,2,0,0,0,0,0,0,0,
Inspection of Care in the Community - Homemaker Service,vha,23,23,100,4,0,0,0,0,0,0,0,
Inspection of Care in the Community - Skilled Nursing Facility,vha,23,23,100,2,0,0,0,0,0,0,0,
Inspection of Care in the Community - Community Nursing Home,vha,23,23,100,1,0,0,0,0,0,0,0,
Inspection of Care in the Community - Hospice Care,vha,23,23,100,1,0,0,0,0,0,0,0,
Inspection of Care in the Community - Residential Care Home,vha,23,23,100,2,0,0,0,0,0,0,0,
Inspection of Care in the Community - Community Residential Care,vha,23,23,100,2,0,0,0,0,0,0,0,
Inspection of Care in the Community - Geriatric Evaluation,vha,23,23,100,10,0,0,0,0,0,0,0,
Inspection of Care in the Community - Palliative Care,vha,23,23,100,1,0,0,0,0,0,0,0,
10-0137A,vha,1,0,0,2,0,0,0,0,0,0,0,
10-0143,vha,8,2,25,2,0,0,0,0,0,0,0,
10-0143a,vha,8,5,63,1,0,0,0,0,0,0,0,
10-0144,vha,10,6,60,1,0,0,0,0,0,0,0,
10-0144a,vha,9,6,67,1,0,0,0,0,0,0,0,
10-0246,vha,52,18,35,1,0,0,0,0,0,0,0,
10-0376a,vha,83,40,48,2,0,0,0,0,0,0,0,
10-0379,vha,39,2,5,3,0,0,0,0,0,0,0,
Direct Deposit Enrollment/Change,vha,7,7,100,1,0,0,0,0,0,0,0,
10-0388-1,vha,7,7,100,2,0,0,0,0,0,0,0,
10-0388-10,vha,6,3,50,1,0,0,0,0,0,0,0,
10-0388-13,vha,7,7,100,1,0,0,0,0,0,0,0,
10-0388-2,vha,7,4,57,1,0,0,0,0,0,0,0,
10-0388-3,vha,75,5,7,2,0,0,0,0,0,0,0,
10-0388-5,vha,7,7,100,2,0,0,0,0,0,0,0,
10-0388-6,vha,9,6,67,1,0,0,0,0,0,0,0,
10-0388-7,vha,7,4,57,2,0,0,0,0,0,0,0,
10-0388-9,vha,7,4,57,1,0,0,0,0,0,0,0,
10-0389a,vha,9,7,78,1,0,0,0,0,0,0,0,
10-0394b,vha,20,19,95,1,0,0,0,0,0,0,0,
10-0395,vha,74,39,53,1,0,0,0,0,0,0,0,
Education Debt Reduction Program Application Certification,vha,7,7,100,1,0,0,0,0,0,0,0,
Research Protocol Safety Survey,vha,15,15,100,6,0,0,0,0,0,0,0,
10-0400,vha,8,5,63,1,0,0,0,0,0,0,0,
Informed Consent for Clinical Treatment and Procedures,vha,7,7,100,2,0,0,0,0,0,0,0,
10-0403,vha,24,16,67,1,0,0,0,0,0,0,0,
10-0403a,vha,15,8,53,1,0,0,0,0,0,0,0,
10-0403b,vha,36,0,0,1,0,0,0,0,0,0,0,
Statement of Patient Treatment,vha,7,7,100,1,0,0,0,0,0,0,0,
10-0430,vha,23,17,74,2,0,0,0,0,0,0,0,
Military Treatment Facility Referral Form to VA Liaison,vha,14,14,100,1,0,0,0,0,0,0,0,
Application for Benefits Under the Homeless Providers Grant and Per Diem Program,vha,7,7,100,1,0,0,0,0,0,0,0,
10-0455a,vha,63,3,5,1,0,0,0,0,0,0,0,
10-0462,vha,4,2,50,1,0,0,0,0,0,0,0,
Veteran Preference Verification,vha,7,7,100,1,0,0,0,0,0,0,0,
10-0477,vha,11,10,91,1,0,0,0,0,0,0,0,
10-0483,vha,5,5,100,1,0,0,0,0,0,0,0,
10-0491F,vha,6,2,33,2,0,0,0,0,0,0,0,
10-0491L,vha,7,4,57,2,0,0,0,0,0,0,0,
10-0491n,vha,6,2,33,2,0,0,0,0,0,0,0,
10-0525,vha,9,8,89,1,0,0,0,0,0,0,0,
10-0525a,vha,25,10,40,2,0,0,0,0,0,0,0,
10-0527,vha,9,7,78,1,0,0,0,0,0,0,0,
10-0708,vha,15,11,73,1,0,0,0,0,0,0,0,
Your Rights to Seek Treatment or Services,vha,7,7,100,2,0,0,0,0,0,0,0,
10-10068c,vha,60,53,88,2,0,0,0,0,0,0,0,
10-10072B,vha,54,19,35,3,0,0,0,0,0,0,0,
10-10072C,vha,53,35,66,14,0,0,0,0,0,0,0,
10-10115c,vha,17,11,65,1,0,0,0,0,0,0,0,
Sitter Services Record,vha,7,7,100,1,0,0,0,0,0,0,0,
10-10116c,vha,18,12,67,1,0,0,0,0,0,0,0,
10-10118,vha,16,15,94,1,0,0,0,0,0,0,0,
10-10143g,vha,31,21,68,1,0,0,0,0,0,0,0,
10-10145,vha,9,6,67,6,0,0,0,0,0,0,0,
10-10154,vha,14,2,14,1,0,0,0,0,0,0,0,
10-10163,vha,9,9,100,1,0,0,0,0,0,0,0,
10-10164,vha,9,9,100,1,0,0,0,0,0,0,0,
10-10169,vha,10,7,70,3,0,0,0,0,0,0,0,
10-10171,vha,13,10,77,16,0,0,0,0,0,0,0,
Community Care Provider Medical Request for Service,vha,7,7,100,1,0,0,0,0,0,0,0,
10-10176,vha,81,56,69,2,0,0,0,0,0,0,0,
Prosthetic Authorization for Items or Services,vha,7,7,100,1,0,0,0,0,0,0,0,
Prosthetic Prescription and Authorization,vha,7,7,100,1,0,0,0,0,0,0,0,
10-1086,vha,7,1,14,1,0,0,0,0,0,0,0,
10-10M,vha,108,42,39,3,0,0,0,0,0,0,0,
10-1170,vha,34,2,6,2,0,0,0,0,0,0,0,
10-1223,vha,22,8,36,1,0,0,0,0,0,0,0,
10-1245C,vha,20,17,85,2,0,0,0,0,0,0,0,
10-1313-1,vha,65,21,32,1,0,0,0,0,0,0,0,
Research Advisory Group Summary Statement,vha,15,15,100,1,0,0,0,0,0,0,0,
Rehabilitation R&D Service - Scientific Merit Review Summary,vha,15,15,100,1,0,0,0,0,0,0,0,
10-1313-13,vha,46,26,57,1,0,0,0,0,0,0,0,
10-1313-2,vha,6,0,0,1,0,0,0,0,0,0,0,
R&D Program - Current Funds and First Year Request,vha,15,15,100,1,0,0,0,0,0,0,0,
10-1313-4,vha,34,32,94,1,0,0,0,0,0,0,0,
10-1313-6,vha,2,0,0,1,0,0,0,0,0,0,0,
R&D Program - Investigator Total Research Support,vha,15,15,100,1,0,0,0,0,0,0,0,
R&D Program - Investigator Research/Development Support,vha,15,15,100,1,0,0,0,0,0,0,0,
Research and Development Committee Meeting Record,vha,15,15,100,1,0,0,0,0,0,0,0,
10-1349,vha,2,1,50,1,0,0,0,0,0,0,0,
Medical Certificate for Beneficiary Travel,vha,7,7,100,1,0,0,0,0,0,0,0,
Research and Development Information System - Project Data Sheet,vha,15,15,100,4,0,0,0,0,0,0,0,
10-1450,vha,6,4,67,1,0,0,0,0,0,0,0,
10-2320,vha,174,26,15,1,0,0,0,0,0,0,0,
Clinical Record - Laboratory Report,vha,15,15,100,1,0,0,0,0,0,0,0,
Laboratory Request/Report,vha,15,15,100,1,0,0,0,0,0,0,0,
10-2357,vha,7,3,43,1,0,0,0,0,0,0,0,
Patient Transfer Record,vha,14,14,100,1,0,0,0,0,0,0,0,
Volunteer Service Assignment,vha,13,13,100,2,0,0,0,0,0,0,0,
10-2382,vha,6,4,67,1,0,0,0,0,0,0,0,
10-2406,vha,73,56,77,2,0,0,0,0,0,0,0,
10-2407,vha,18,12,67,1,0,0,0,0,0,0,0,
10-2409,vha,13,8,62,1,0,0,0,0,0,0,0,
10-2410,vha,13,9,69,1,0,0,0,0,0,0,0,
10-2431,vha,26,11,42,1,0,0,0,0,0,0,0,
10-2478,vha,28,28,100,1,0,0,0,0,0,0,0,
10-2478a,vha,31,2,6,1,0,0,0,0,0,0,0,
10-252,vha,7,7,100,1,0,0,0,0,0,0,0,
10-2520,vha,42,25,60,1,0,0,0,0,0,0,0,
10-253,vha,14,13,93,2,0,0,0,0,0,0,0,
10-2553,vha,7,4,57,1,0,0,0,0,0,0,0,
10-2553A,vha,7,4,57,1,0,0,0,0,0,0,0,
10-2570G,vha,38,22,58,2,0,0,0,0,0,0,0,
10-259,vha,15,9,60,1,0,0,0,0,0,0,0,
Request for and Consent to Release Health Information,vha,13,13,100,1,0,0,0,0,0,0,0,
10-2614d-3a,vha,175,88,50,1,0,0,0,0,0,0,0,
Pharmacy Drug Accountability Record,vha,16,16,100,2,0,0,0,0,0,0,0,
Report of Drug Accountability Discrepancy,vha,16,16,100,1,0,0,0,0,0,0,0,
Claim for Reimbursement of Travel Expenses,vha,7,7,100,1,0,0,0,0,0,0,0,
10-2633,vha,56,29,52,2,0,0,0,0,0,0,0,
10-2636,vha,7,6,86,1,0,0,0,0,0,0,0,
Prescription Record,vha,16,16,100,1,0,0,0,0,0,0,0,
10-2641,vha,41,22,54,1,0,0,0,0,0,0,0,
10-2675,vha,66,49,74,1,0,0,0,0,0,0,0,
Patient Meal Census and Nutritional Care Worksheet,vha,7,7,100,1,0,0,0,0,0,0,0,
10-2687,vha,71,8,11,1,0,0,0,0,0,0,0,
Report of Examination of Body After Death,vha,15,15,100,1,0,0,0,0,0,0,0,
10-2723,vha,71,8,11,2,0,0,0,0,0,0,0,
10-2743,vha,31,26,84,1,0,0,0,0,0,0,0,
10-2770,vha,87,12,14,4,0,0,0,0,0,0,0,
10-2817,vha,3,3,100,1,0,0,0,0,0,0,0,
10-2829,vha,44,24,55,1,0,0,0,0,0,0,0,
10-2850e,vha,29,8,28,1,0,0,0,0,0,0,0,
Application for Parking Privileges,vha,7,7,100,3,0,0,0,0,0,0,0,
Medical Record - Clinical Pharmacy Consultation,vha,7,7,100,2,0,0,0,0,0,0,0,
Social History and Assessment,vha,15,15,100,1,0,0,0,0,0,0,0,
10-2917,vha,92,1,1,1,0,0,0,0,0,0,0,
Veterans Affairs Emergency Action Plan,vha,7,7,100,2,0,0,0,0,0,0,0,
Report of Patient Complaint,vha,7,7,100,2,0,0,0,0,0,0,0,
10-301,vha,10,9,90,1,0,0,0,0,0,0,0,
10-302,vha,10,9,90,1,0,0,0,0,0,0,0,
10-303,vha,14,14,100,1,0,0,0,0,0,0,0,
10-304,vha,5,4,80,1,0,0,0,0,0,0,0,
Record of Death,vha,12,12,100,2,0,0,0,0,0,0,0,
Record of Death,vha,14,14,100,2,0,0,0,0,0,0,0,
Supplemental Record of Death,vha,12,12,100,2,0,0,0,0,0,0,0,
10-306,vha,11,7,64,2,0,0,0,0,0,0,0,
10-320,vha,8,7,88,2,0,0,0,0,0,0,0,
10-3203,vha,35,17,49,2,0,0,0,0,0,0,0,
10-3203a,vha,18,16,89,1,0,0,0,0,0,0,0,
10-322,vha,10,7,70,1,0,0,0,0,0,0,0,
Supply Chain Activity Record,vha,7,7,100,1,0,0,0,0,0,0,0,
Consent for Use of Picture and/or Voice,vha,7,7,100,7,0,0,0,0,0,0,0,
10-381,vha,7,7,100,1,0,0,0,0,0,0,0,
10-387,vha,25,17,68,1,0,0,0,0,0,0,0,
Daily Patient Census,vha,15,15,100,1,0,0,0,0,0,0,0,
10-390,vha,37,25,68,2,0,0,0,0,0,0,0,
Equipment Maintenance Report,vha,7,7,100,2,0,0,0,0,0,0,0,
10-4790,vha,161,0,0,1,0,0,0,0,0,0,0,
10-493,vha,11,1,9,1,0,0,0,0,0,0,0,
10-493a,vha,11,11,100,1,0,0,0,0,0,0,0,
10-493b,vha,10,2,20,1,0,0,0,0,0,0,0,
10-5018,vha,26,12,46,1,0,0,0,0,0,0,0,
10-5023,vha,6,0,0,1,0,0,0,0,0,0,0,
10-5096,vha,31,0,0,1,0,0,0,0,0,0,0,
10-5345a,vha,43,28,65,1,0,0,0,0,0,0,0,
10-5379a,vha,6,4,67,1,0,0,0,0,0,0,0,
Employee Competency and Development Record,vha,7,7,100,1,0,0,0,0,0,0,0,
10-5392,vha,120,61,51,1,0,0,0,0,0,0,0,
10-5397,vha,18,3,17,1,0,0,0,0,0,0,0,
10-5501,vha,138,112,81,1,0,0,0,0,0,0,0,
10-5504,vha,55,0,0,2,0,0,0,0,0,0,0,
10-6056A,vha,44,12,27,5,0,0,0,0,0,0,0,
10-7008a,vha,15,8,53,1,0,0,0,0,0,0,0,
10-7033,vha,6,0,0,1,0,0,0,0,0,0,0,
10-7042,vha,7,4,57,1,0,0,0,0,0,0,0,
10-7055,vha,25,18,72,2,0,0,0,0,0,0,0,
10-7108,vha,38,20,53,2,0,0,0,0,0,0,0,
Volunteer Assignment Action,vha,13,13,100,1,0,0,0,0,0,0,0,
Outpatient Prescription for Medications,vha,16,16,100,1,0,0,0,0,0,0,0,
10-7919,vha,25,13,52,1,0,0,0,0,0,0,0,
10-7959f-1,vha,14,13,93,1,0,0,0,0,0,0,0,
10-8001,vha,32,26,81,1,0,0,0,0,0,0,0,
10-8678,vha,69,40,58,2,0,0,0,0,0,0,0,
Report of Special Incident Involving a Beneficiary,vha,16,16,100,1,0,0,0,0,0,0,0,
Police and Security Officer Log and Report,vha,16,16,100,1,0,0,0,0,0,0,0,
Police Incident Report,vha,16,16,100,1,0,0,0,0,0,0,0,
Emergency Response Record,vha,16,16,100,2,0,0,0,0,0,0,0,
VA 10079,vha,49,49,100,3,0,0,0,0,0,0,0,
VA Form 40-10190,nca,12,12,100,2,0,0,0,0,0,0,0,
VA40-0895-10,nca,4,3,75,1,0,0,0,0,0,0,0,
VA40-0895-12,nca,4,1,25,1,0,0,0,0,0,0,0,
VA40-0895-13,nca,7,6,86,1,0,0,0,0,0,0,0,
VA40-0895-15,nca,4,3,75,1,0,0,0,0,0,0,0,
VA40-0895-2,nca,5,4,80,1,0,0,0,0,0,0,0,
VA40-0895-3,nca,105,12,11,3,0,0,0,0,0,0,0,
VA40-0895-6,nca,6,6,100,1,0,0,0,0,0,0,0,
VA40-0895-7,nca,5,2,40,2,0,0,0,0,0,0,0,
VA40-0895-8,nca,10,6,60,2,0,0,0,0,0,0,0,
VA40-0895-9,nca,4,3,75,1,0,0,0,0,0,0,0,
VA40-4970,nca,50,0,0,2,0,0,0,0,0,0,0,
VA40-4987,nca,16,7,44,1,0,0,0,0,0,0,0,
VA Form 40-10190,nca,12,10,83,1,0,0,0,0,0,0,0,
Facilities Inspection Report - General,facilities,15,15,100,1,0,0,0,0,0,0,0,
FL-10-212,facilities,28,4,14,1,0,0,0,0,0,0,0,
FL-10-212LP,facilities,28,4,14,2,0,0,0,0,0,0,0,
FL-10-215,facilities,7,1,14,2,0,0,0,0,0,0,0,
Space Assignment Record,facilities,15,15,100,1,0,0,0,0,0,0,0,
Work Order Request,facilities,15,15,100,2,0,0,0,0,0,0,0,
Work Order Request - Supplemental,facilities,15,15,100,1,0,0,0,0,0,0,0,
Facility Condition Assessment,facilities,15,15,100,2,0,0,0,0,0,0,0,
Equipment Inventory Record,facilities,15,15,100,1,0,0,0,0,0,0,0,
FL-10-332,facilities,7,2,29,1,0,0,0,0,0,0,0,
FL-10-332a,facilities,7,2,29,1,0,0,0,0,0,0,0,
FL-10-341a,facilities,7,0,0,2,0,0,0,0,0,0,0,
Supply Chain Activity Log,facilities,15,15,100,1,0,0,0,0,0,0,0,
Engineering Service Work Record,facilities,15,15,100,2,0,0,0,0,0,0,0,
Maintenance Work Request,facilities,15,15,100,1,0,0,0,0,0,0,0,
Building Management Report,facilities,15,15,100,2,0,0,0,0,0,0,0,
Environmental Services Inspection,facilities,15,15,100,1,0,0,0,0,0,0,0,
Fire Prevention Inspection Report,facilities,15,15,100,1,0,0,0,0,0,0,0,
FL-10-426,facilities,4,0,0,1,0,0,0,0,0,0,0,
Grounds Maintenance Record,facilities,15,15,100,2,0,0,0,0,0,0,0,
Facility Safety Inspection,facilities,15,15,100,1,0,0,0,0,0,0,0,
Energy Management Report,facilities,15,15,100,1,0,0,0,0,0,0,0,
Waste Management Record,facilities,15,15,100,1,0,0,0,0,0,0,0,
Vehicle Fleet Maintenance Log,facilities,15,15,100,1,0,0,0,0,0,0,0,
Equipment Calibration Record,facilities,15,15,100,1,0,0,0,0,0,0,0,
Telecommunications Service Request,facilities,15,15,100,1,0,0,0,0,0,0,0,
FL-10-55,facilities,9,5,56,1,0,0,0,0,0,0,0,
Construction Progress Report,facilities,15,15,100,1,0,0,0,0,0,0,0,
Facilities Planning Record,facilities,15,15,100,1,0,0,0,0,0,0,0,
FL-10-90,facilities,28,22,79,2,0,0,0,0,0,0,0,
Equipment Inventory Record,facilities,15,15,100,1,0,0,0,0,0,0,0,
FL1-28,facilities,5,1,20,2,0,0,0,0,0,0,0,
FL1-28a,facilities,5,5,100,1,0,0,0,0,0,0,0,
FL70-2,facilities,19,13,68,1,0,0,0,0,0,0,0,
FL 4-437,facilities,3,2,67,1,0,0,0,0,0,0,0,
20-8800,vba,84,22,26,1,0,0,0,0,0,0,0,
21-22,vba,63,53,84,4,0,0,0,0,0,0,0,
21-4142a,vba,96,57,59,2,0,0,0,0,0,0,0,
21-651,vba,7,5,71,1,0,0,0,0,0,0,0,
21-6898,vba,184,87,47,4,0,0,0,0,0,0,0,
21P-0571,vba,74,58,78,2,0,0,0,0,0,0,0,
21P-4185,vba,77,67,87,2,0,0,0,0,0,0,0,
21P-4718a,vba,47,20,43,2,0,0,0,0,0,0,0,
21P-535,vba,222,106,48,10,0,0,0,0,0,0,0,
22-0803,vba,40,10,25,2,0,0,0,0,0,0,0,
22-0848,vba,27,20,74,2,0,0,0,0,0,0,0,
22-0993,vba,5,5,100,1,0,0,0,0,0,0,0,
22-10215a,vba,126,10,8,2,0,0,0,0,0,0,0,
22-10216,vba,11,7,64,2,0,0,0,0,0,0,0,
22-1919,vba,11,7,64,1,0,0,0,0,0,0,0,
22-1999c,vba,9,7,78,2,0,0,0,0,0,0,0,
22-6553c,vba,54,17,31,2,0,0,0,0,0,0,0,
22-8691,vba,46,25,54,2,0,0,0,0,0,0,0,
22-8864,vba,142,80,56,5,0,0,0,0,0,0,0,
22-8865,vba,47,20,43,2,0,0,0,0,0,0,0,
26-0503,vba,2,2,100,1,0,0,0,0,0,0,0,
26-0551,vba,10,0,0,1,0,0,0,0,0,0,0,
26-0785,vba,17,2,12,2,0,0,0,0,0,0,0,
26-0829,vba,17,9,53,2,0,0,0,0,0,0,0,
26-0967,vba,9,4,44,2,0,0,0,0,0,0,0,
26-0967a,vba,6,4,67,6,0,0,0,0,0,0,0,
26-10284,vba,73,8,11,3,0,0,0,0,0,0,0,
26-1833,vba,56,26,46,1,0,0,0,0,0,0,0,
26-1859,vba,14,11,79,1,0,0,0,0,0,0,0,
26-6363,vba,70,25,36,10,0,0,0,0,0,0,0,
26-6705,vba,72,22,31,2,0,0,0,0,0,0,0,
26-6705b,vba,170,46,27,2,0,0,0,0,0,0,0,
26-6705d,vba,28,10,36,1,0,0,0,0,0,0,0,
26-6807a,vba,7,5,71,1,0,0,0,0,0,0,0,
26-6808,vba,111,42,38,2,0,0,0,0,0,0,0,
26-8106,vba,4,3,75,1,0,0,0,0,0,0,0,
26-8497,vba,62,3,5,1,0,0,0,0,0,0,0,
26-8497a,vba,69,9,13,1,0,0,0,0,0,0,0,
26-8629,vba,101,39,39,2,0,0,0,0,0,0,0,
26-8630,vba,126,32,25,2,0,0,0,0,0,0,0,
26-8641a,vba,51,5,10,1,0,0,0,0,0,0,0,
26-8712,vba,94,33,35,1,0,0,0,0,0,0,0,
26-8730,vba,19,5,26,1,0,0,0,0,0,0,0,
26-8731b,vba,12,4,33,1,0,0,0,0,0,0,0,
26-8844,vba,171,74,43,2,0,0,0,0,0,0,0,
26-8923,vba,28,12,43,1,0,0,0,0,0,0,0,
28-0588,vba,4,3,75,2,0,0,0,0,0,0,0,
29-0543,vba,32,14,44,2,0,0,0,0,0,0,0,
29-357,vba,122,70,57,3,0,0,0,0,0,0,0,
29-586,vba,18,12,67,1,0,0,0,0,0,0,0,
29-8636,vba,36,17,47,3,0,0,0,0,0,0,0,
29-888,vba,16,8,50,2,0,0,0,0,0,0,0,
